x,y,z,type
39,-40,107,minecraft:mob_spawner
-45,65,34,minecraft:beehive
-22,7,-7,minecraft:mob_spawner
132,18,130,minecraft:mob_spawner
19,67,208,minecraft:beehive
152,19,169,minecraft:mob_spawner
-18,-37,224,minecraft:mob_spawner
-26,-38,227,minecraft:mob_spawner
174,-7,59,minecraft:mob_spawner
172,-41,54,minecraft:mob_spawner
-121,-41,-14,minecraft:mob_spawner
-72,-43,231,minecraft:mob_spawner
56,-40,228,minecraft:mob_spawner
-107,-33,244,minecraft:mob_spawner
195,3,70,minecraft:mob_spawner
194,-4,113,minecraft:mob_spawner
-97,-1,-82,minecraft:mob_spawner
203,-5,-95,minecraft:mob_spawner
122,26,-101,minecraft:mob_spawner
