x,y,z,uuid,type,alive,display_name,custom_name
41.5808715702293,70.0,109.41915708224616,1227f594-c30e-497d-aaeb-ccfe75508614,minecraft:sheep,true,Sheep,[null]
38.548458640616325,69.0,117.45472808881549,002c9069-963f-4189-9295-932c87e24a8e,minecraft:sheep,true,Sheep,[null]
32.44999998807907,70.7531999805212,83.7210802748561,9e52041b-3694-4619-b210-1ab2fea38346,minecraft:sheep,true,Sheep,[null]
30.55000001192093,69.0,95.65839854310673,3cba8dc7-2913-40d9-8537-20d327241f28,minecraft:sheep,true,Sheep,[null]
12.0,66.0,118.0,eed5c4fe-ccef-4510-8c48-68dded87a62f,minecraft:cow,true,Cow,[null]
12.0,66.0,119.0,5f532a4a-0af8-4a8f-95b0-86ec7e833a8a,minecraft:cow,true,Cow,[null]
10.0,66.0,121.0,5e1348d4-89ca-442d-889d-1dabd415c7d3,minecraft:cow,true,Cow,[null]
3.3003153992477148,65.0,115.5002799179082,0a6e0b71-3ab8-40bb-a54c-28cad210ec21,minecraft:cow,true,Cow,[null]
17.500001896009522,67.0,119.76504240457359,9cdd1fe6-f679-4491-aa49-ae29d071b6ea,minecraft:pig,true,Pig,[null]
29.85873054678252,68.0,108.4641506575347,76ebe815-6d27-4e1f-afef-62ffb3b367d9,minecraft:pig,true,Pig,[null]
31.632818385681958,68.0,111.52404221397653,f3e24d9d-921b-410a-b85f-6ccb5af2b8b8,minecraft:pig,true,Pig,[null]
35.59927882871584,69.0,120.62729297438443,b5570f5e-4588-4e2e-87a0-bc1c445b9338,minecraft:pig,true,Pig,[null]
38.42953206983192,65.0,65.92763704734247,f16b4733-1826-4c1f-aa4b-72c9a7027c30,minecraft:chicken,true,Chicken,[null]
43.88828541344732,63.03168008864011,67.06101745168225,6db5b76f-f225-4525-a656-fc4bd412464a,minecraft:chicken,true,Chicken,[null]
39.868452840259266,70.0,78.50260535305263,825d79ae-84f2-4dd4-b968-d39fa8f401f5,minecraft:chicken,true,Chicken,[null]
31.662679342169525,70.0,68.32234149262686,be439049-1795-4113-a400-9b98355f50df,minecraft:chicken,true,Chicken,[null]
58.382646319794304,70.0,42.26628310561284,9864ff4c-7c61-41a6-a7d9-84b06bef78fa,minecraft:chicken,true,Chicken,[null]
69.04927826432582,73.0,45.0371226348516,431f088c-ef8a-440d-889c-5b70d26d4597,minecraft:chicken,true,Chicken,[null]
-34.40849751760448,63.0,52.562619601652514,ad325685-a5fd-41b0-9986-cec384885737,minecraft:sheep,true,Sheep,[null]
-34.638523620264806,63.0,53.55008597500022,929df02f-e264-4998-8944-d4240a35ee86,minecraft:sheep,true,Sheep,[null]
-43.534005450446905,64.0,60.521841116852286,cd752e53-3293-4e33-9edf-f026a8bd2e40,minecraft:sheep,true,Sheep,[null]
-43.90040154873292,64.0,59.37834114875242,c08625c5-a47b-4809-aeb0-a15aa165a890,minecraft:sheep,true,Sheep,[null]
44.0,64.0,157.0,c965875f-92a6-4ca0-b561-8de7301ceffd,minecraft:sheep,true,Sheep,[null]
43.0,64.0,156.0,12f838a2-20a9-4285-8d9f-9648ed48b8c1,minecraft:sheep,true,Sheep,[null]
40.0,64.0,154.0,317a1b41-c8d5-4110-b741-15c41ec25333,minecraft:sheep,true,Sheep,[null]
39.525434156615745,64.0,160.59052416336868,d1510032-30b0-44be-ac1c-accaf8bf8f1a,minecraft:sheep,true,Sheep,[null]
-63.10000002384186,65.0,81.0,15bbd45e-97f6-4519-8d3f-55e4af6d7eb0,minecraft:pig,true,Pig,[null]
-63.10000002384186,65.0,81.0,1bf01e13-c858-4015-b702-d48786760027,minecraft:pig,true,Pig,[null]
-63.10000002384186,65.0,81.0,ae1413f4-dc33-4eb8-802b-5c871bfb5847,minecraft:pig,true,Pig,[null]
-60.42151487239923,64.0,158.6131681391291,59e57cdc-a7e3-4906-ae65-6d6d169dccfe,minecraft:sheep,true,Sheep,[null]
-62.0,64.0,153.0,22c237c4-56b8-4ac4-95d0-5093561798a8,minecraft:sheep,true,Sheep,[null]
-71.80544433027976,64.0,164.5416111255502,86290291-77c4-4cbe-a8c2-e8a9d140a989,minecraft:sheep,true,Sheep,[null]
-66.78992568286584,64.0,153.95544762426604,8699f5ba-0e6d-4c28-a576-c21e0509a308,minecraft:sheep,true,Sheep,[null]
57.0,64.0,162.0,948b6047-e243-4cdf-82cd-4630d4d45c42,minecraft:cow,true,Cow,[null]
55.986128006555745,64.0,155.28461463644754,3efb964f-ecfc-4ac1-abbb-0fc4658e3aa5,minecraft:cow,true,Cow,[null]
93.05099096823963,64.0,-0.9999958839829687,eda5d7b2-5ca3-483c-ba59-abe8f2d89624,minecraft:horse,true,Horse,[null]
86.75467642898073,73.0,11.566597000453529,bec9b4c9-4240-45cd-8993-ebb363f5f661,minecraft:horse,true,Horse,[null]
83.17061526204216,69.0,6.002880241169428,556a5aba-5e52-4c39-9a91-d231e80ae6e4,minecraft:horse,true,Horse,[null]
-70.0,67.0,92.0,07784384-943d-497b-8d34-da9689b3c240,minecraft:sheep,true,Sheep,[null]
-67.44999998807907,67.0,99.61816698055222,d67fd0d8-7e2f-46b1-8c82-6d75204f6eff,minecraft:sheep,true,Sheep,[null]
-73.81125124610749,67.0,89.50584952353081,f5279fe4-c61d-4601-8c49-3c86e7e22e1c,minecraft:sheep,true,Sheep,[null]
-67.90831282086103,66.0,91.08923169556464,2e18be21-3700-4394-8eaf-0bdc089b0102,minecraft:sheep,true,Sheep,[null]
59.0,64.0,-11.0,0f258c5f-c269-465f-947d-3c800510d38e,minecraft:sheep,true,Sheep,[null]
-20.5,-38.9375,199.5,829f4ae8-0321-4215-b02d-7af35fded80c,minecraft:chest_minecart,true,Minecart with Chest,[null]
136.0,63.0,182.0,06de55cf-b3bf-4c61-a148-8b89871eac2c,minecraft:sheep,true,Sheep,[null]
130.22592058356315,63.0,180.52297091891182,134e3540-6eb6-4d79-bd9f-b15648d0dc14,minecraft:sheep,true,Sheep,[null]
137.0,63.0,180.0,130a8189-bcd9-4be5-aff7-0f74ec459628,minecraft:sheep,true,Sheep,[null]
139.0,63.0,177.0,b7ecdb96-c56e-4601-b5a2-c619e5b66077,minecraft:sheep,true,Sheep,[null]
46.0,64.0,198.0,c544ccae-bba7-4d6c-9fb2-b3d924fc8730,minecraft:pig,true,Pig,[null]
47.0,64.0,195.0,b31ec866-fb63-4297-b6d9-4c2f375cc389,minecraft:pig,true,Pig,[null]
-56.5,-36.9375,211.5,4164bdc5-43de-4bd2-9ea6-21fc38554847,minecraft:chest_minecart,true,Minecart with Chest,[null]
-66.0,64.0,222.0,313a90b9-560e-44f3-8154-b6ad48389f7c,minecraft:sheep,true,Sheep,[null]
-68.00277851126546,64.0,221.85122130713057,9fb5127b-65bc-41ed-98fa-05f94b31c8a4,minecraft:sheep,true,Sheep,[null]
-70.44999998807907,64.0,229.59257578266946,c6638ac6-666f-4619-9334-1ff72912ce7e,minecraft:sheep,true,Sheep,[null]
-69.20196678240706,64.0,222.0143102491269,a10afd29-8277-4948-b49e-3c231059eec2,minecraft:sheep,true,Sheep,[null]
96.32918273111545,67.0,-48.36244911226677,04b22ccf-dc0b-4034-b7ee-68b424621ed3,minecraft:chicken,true,Chicken,[null]
119.0,64.0,-44.0,323aec99-9691-4f24-877d-e52d4aab7b46,minecraft:cow,true,Cow,[null]
-8.5,-36.5,257.5,2c7597e5-062f-4396-96b2-57aaac93094e,minecraft:chest_minecart,true,Minecart with Chest,[null]
190.0,65.0,124.0,69b35065-79f3-4fd2-a3de-61499c9a35d9,minecraft:sheep,true,Sheep,[null]
190.0,65.0,124.0,11b735c2-eab5-4b43-8da9-9f1efa25bb6c,minecraft:sheep,true,Sheep,[null]
-142.0,64.0,-39.0,6e2c6735-8e61-4aaf-b920-0c33dd95666e,minecraft:pig,true,Pig,[null]
-137.0,64.0,-47.10000002384186,59e6fa9d-f028-4f24-99d7-46746be27709,minecraft:sheep,true,Sheep,[null]
-139.0,64.0,-47.10000002384186,a8906a4b-c29b-4bc8-8017-f5817b8797c3,minecraft:sheep,true,Sheep,[null]
-64.5,-33.5,247.5,eb235978-033c-4d8c-a067-ff8ada07db87,minecraft:chest_minecart,true,Minecart with Chest,[null]
-86.0,68.0,265.0,574d64e6-0939-45af-b255-6edc0c55ac37,minecraft:chicken,true,Chicken,[null]
-86.0,68.0,266.0,e83a5e18-19c8-4a56-8bfb-30ca621bf5f6,minecraft:chicken,true,Chicken,[null]
-86.0,68.0,266.0,baa08ecf-408b-44f3-8c5a-7058507bf4eb,minecraft:chicken,true,Chicken,[null]
-109.5,-32.5,245.5,4b1032d2-f535-429e-ae5d-854e8f67a3b6,minecraft:chest_minecart,true,Minecart with Chest,[null]
-100.5,-37.5,271.5,feb79059-8384-4a2a-b338-15e66104f21f,minecraft:chest_minecart,true,Minecart with Chest,[null]
-41.0,65.0,-95.10000002384186,6a96f610-1d30-4591-b1e6-01b32eb2a4f0,minecraft:pig,true,Pig,[null]
-42.0,65.0,-95.10000002384186,52d80ab3-b0a5-4deb-98d6-0e009c37e47e,minecraft:pig,true,Pig,[null]
-40.0,65.0,-95.10000002384186,e40e64c4-4c50-4ebd-9565-dcd470fdcadf,minecraft:pig,true,Pig,[null]
-37.0,65.0,-95.10000002384186,b0b93ceb-86e4-40d9-af46-880a8a763100,minecraft:pig,true,Pig,[null]
130.0,64.0,-73.0,ef827223-0913-4874-af5c-0c5c9883baf8,minecraft:sheep,true,Sheep,[null]
-151.5,-19.5,259.5,24c256d3-8585-4fa0-8508-c14e2eeffeb7,minecraft:chest_minecart,true,Minecart with Chest,[null]
31.562009733747463,64.0,230.60229480810887,50af3b6e-ed79-401f-9d12-9122d3a0b1ca,minecraft:sheep,true,Sheep,[null]
40.58697005436964,64.0,225.5667560579538,db9e2fa5-5f50-4c05-bfd5-94c058c0ab22,minecraft:sheep,true,Sheep,[null]
33.0,64.0,226.0,d1a9c1de-8a21-4a42-be10-2f1b09b10279,minecraft:sheep,true,Sheep,[null]
32.89999997615814,64.0,231.0,21073dec-318d-46bc-93f8-6b5bd317d7e4,minecraft:sheep,true,Sheep,[null]
183.0,63.0,168.0,d99d0a71-2569-4125-bf11-b9c740818cd7,minecraft:pig,true,Pig,[null]
180.0,64.0,241.0,7822f5b9-1fdc-47e2-9924-b939909d57e1,minecraft:chicken,true,Chicken,[null]
180.0,64.0,241.0,2a03337f-1324-400c-b85b-6103fea1100f,minecraft:chicken,true,Chicken,[null]
179.0,64.0,242.0,65541362-25c7-45c4-b582-670e4538eb3a,minecraft:chicken,true,Chicken,[null]
178.0,64.0,242.0,32735ddc-7aa5-4c03-81b5-3141b32fe977,minecraft:chicken,true,Chicken,[null]
48.306721781734076,69.0,74.03026701263187,380df991-f603-344c-a090-369bad2a924a,minecraft:player,true,Dev,[null]
-138.58698249395832,62.35161424693003,230.43954131005904,5d785d4c-56a2-4b72-ae6e-60fbf484c4f7,minecraft:item,true,Wheat Seeds,[null]
-47.23354017005149,72.39982576552367,33.38831289116986,cb99df77-45a9-46db-b6e1-393a094cf70b,minecraft:bee,true,Bee,[null]
191.5,52.0,179.5,d292c272-93f4-4495-b2e1-d2c2b8f96b3e,minecraft:falling_block,true,Falling Block,[null]
189.5,53.0,180.5,cea29858-f82d-493f-8008-608b9febfb28,minecraft:falling_block,true,Falling Block,[null]
42.5,2.0,121.5,954381ec-06bf-4a5c-9a00-05446f6c3327,minecraft:skeleton,true,Skeleton,[null]
191.5,53.0,179.5,f2863cc1-438d-4424-9afd-75a6f4301922,minecraft:falling_block,true,Falling Block,[null]
190.5,53.0,180.5,4d18aa28-10e5-4b23-92f7-9d57e2b8f813,minecraft:falling_block,true,Falling Block,[null]
189.5,53.0,181.5,fc8b3f24-55db-4f99-ab09-11b54351f3eb,minecraft:falling_block,true,Falling Block,[null]
189.5,54.0,180.5,b5cfc68f-2526-40ab-a66d-126ea6478858,minecraft:falling_block,true,Falling Block,[null]
191.5,54.0,179.5,77fc1779-5d15-4b5f-bfd9-188462405878,minecraft:falling_block,true,Falling Block,[null]
190.5,54.0,180.5,c1699210-e350-4267-83bd-fcfc7dc32796,minecraft:falling_block,true,Falling Block,[null]
189.5,54.0,181.5,256e4788-0f2b-4d57-9263-5e9ca2902b86,minecraft:falling_block,true,Falling Block,[null]
7.5,7.0,68.55983591702147,ac894255-0ddc-4a7c-9ed8-8c16db6d3889,minecraft:skeleton,true,Skeleton,[null]
3.535729548297251,-3.0,71.05231625531671,c185b674-242a-4c7d-a74c-8ac0d227af7c,minecraft:zombie,true,Zombie,[null]
107.59999999403954,-1.4442028324119747,82.5,11bb2dd6-68f7-40b0-8910-f4577759eb98,minecraft:glow_squid,true,Glow Squid,[null]
-136.4192129778387,59.19105989792236,233.64608068004063,8f04a248-d4ef-4df1-9b8b-eef82feabbb8,minecraft:item,true,Wheat Seeds,[null]
-96.19754821321504,-39.0,-30.23280878432871,12ef91cb-400a-4279-ae8b-8733d3af76ed,minecraft:item,true,Moss Carpet,[null]
-85.8690681474978,-6.0,-29.16759930781888,371829fa-4f0a-4d54-9352-13f519461002,minecraft:item,true,Moss Carpet,[null]
-96.33974526865445,-39.0,-30.53726643412513,34d4450b-209f-4ef4-8bef-0443ac42d39c,minecraft:item,true,Wheat Seeds,[null]
-89.875,-7.0,-25.199596264352813,16f6a7eb-222b-4220-9e7f-8a71ca351016,minecraft:item,true,Moss Carpet,[null]
-88.58200619271621,-6.9375,-25.286035512903695,aaa741fe-8acc-47b8-aa5e-85ac52e20287,minecraft:item,true,Moss Carpet,[null]
-87.875,-9.566283373167963,-28.661553586128676,9bf8413b-c5e7-4270-af75-5becaea9af96,minecraft:item,true,Moss Carpet,[null]
-86.3546067033125,-7.0,-8.123923131049308,f456c196-63ba-4afe-87cf-47c9ad77eec1,minecraft:item,true,Moss Carpet,[null]
6.918920672936776,74.48975138834192,191.3999165098026,c5deb821-f1eb-4208-aa77-c08b415e8d10,minecraft:bee,true,Bee,[null]
-85.67853310350931,-10.0,-6.059143106278246,c1412abc-cd65-47f8-82e4-f7a9666c9904,minecraft:item,true,Moss Carpet,[null]
-25.89082639574534,37.02766399909711,29.71446661150159,3c7a59aa-0125-4109-9b10-ce1e5becc40a,minecraft:bat,true,Bat,[null]
3.6694174111816946,81.03641186084344,199.1751520948373,62299724-609d-4fc1-af8e-adab32b62b93,minecraft:bee,true,Bee,[null]
-63.76740085068736,64.37733319362195,36.18835167018831,5d187f13-b694-490b-944c-8070b602b15b,minecraft:bee,true,Bee,[null]
-51.10440258322846,65.83449966132298,17.357328735624506,9443216c-2662-4445-bcad-c6c535c16396,minecraft:bee,true,Bee,[null]
-47.77788549889598,-20.0,37.82973100367737,e487013e-e46c-48e5-a5bb-23cc6359274f,minecraft:item,true,Glow Ink Sac,[null]
42.5032915811559,21.0,129.5,99d67943-4b0f-4fbf-b810-f287c56d23c7,minecraft:creeper,true,Creeper,[null]
-11.088593042399769,58.27621462289244,46.446540396955555,85ac2e6c-d450-45e4-acdd-ec40094dd674,minecraft:squid,true,Squid,[null]
60.5,16.0,5.042090886853554,3089b232-6dd2-4d71-8cba-ecf950c1b90c,minecraft:skeleton,true,Skeleton,[null]
60.5,16.0,5.699999988079071,90f4118e-4c1b-41b7-983d-45264597bf5c,minecraft:skeleton,true,Skeleton,[null]
137.75,19.100000023841858,19.509400582410173,6c5021d7-e8d3-404f-8565-4698e037d0ee,minecraft:bat,true,Bat,[null]
50.52831223326338,18.0,17.450086562382484,139ea3e2-5af9-42ac-83f3-62b0f8dc79a7,minecraft:creeper,true,Creeper,[null]
57.517509545847204,11.0,66.4977193557956,dfa73976-1c0b-4e75-adf3-138bf89e54ed,minecraft:creeper,true,Creeper,[null]
104.54978071621306,55.135983518949665,64.1995538364243,6a41cc10-b2f0-489d-b4b7-8b7ec4ca33f0,minecraft:salmon,true,Salmon,[null]
104.37754083692548,54.0,66.31482256025141,b52a7eb4-a951-443f-9b6f-97b5f12a2e6f,minecraft:salmon,true,Salmon,[null]
73.5,-4.0,110.5,0d1c6341-4d63-4cba-b64d-5f0022a15c03,minecraft:zombie,true,Zombie,[null]
19.511204117774067,-18.0,100.51055599536265,39bab01f-a6a7-4c14-b29c-bccccce5fc5a,minecraft:zombie,true,Zombie,[null]
21.75,-40.96783204752183,93.37696206306462,9bf8c276-4867-48b7-a55b-063c44836a22,minecraft:bat,true,Bat,[null]
-2.265782056322141,-5.978187233643985,38.541565048567655,465f214d-abc6-46e3-8a15-0e879a0602dd,minecraft:bat,true,Bat,[null]
22.500720112458787,8.0,36.50486723097711,2d611bde-663f-4695-9418-a2e2c6e0513f,minecraft:skeleton,true,Skeleton,[null]
-5.672887240998791,-11.965335656885735,71.15847191498574,3e8b0346-1174-438f-8257-9ff08d6019b1,minecraft:bat,true,Bat,[null]
-13.507838107625792,-11.257612640256784,67.40273298739854,310ae537-32ae-4cd5-968d-1007cc08de88,minecraft:bat,true,Bat,[null]
142.5006101747917,18.0,123.57003900634378,d0d86688-2cd2-479f-909c-baf024cc09c0,minecraft:skeleton,true,Skeleton,[null]
144.19806201128156,-2.7338929909895695,108.93062545746403,599fed75-a497-4158-b57a-0ea8c23b65f6,minecraft:bat,true,Bat,[null]
116.48456194199785,0.0,113.94099235312979,d5f1a3d8-bf6f-4bb1-ac26-b4dc2d94e999,minecraft:bat,true,Bat,[null]
141.5,30.0,106.5,7831ec08-d00b-419c-a7a2-d80d6cc68335,minecraft:zombie,true,Zombie,[null]
146.22511160746217,29.90046442626044,6.9066109443083405,5c354c38-3e82-4197-acda-5b3973940a04,minecraft:glow_squid,true,Glow Squid,[null]
144.6186926579103,28.728880420560017,5.17938500479795,4b0dd966-cc5e-4aab-b0cd-ed24195aaf99,minecraft:glow_squid,true,Glow Squid,[null]
31.5,-9.0,94.5,1e6e54c6-c53c-49bb-b1b7-0653efd86a15,minecraft:zombie,true,Zombie,[null]
32.5,-9.0,95.5,1dc111c7-218a-4cc6-b2f7-66f84f78d445,minecraft:zombie,true,Zombie,[null]
42.45435055618599,-8.0,94.56866419617916,9fe7a088-0bee-4c70-a566-28e2b43eb3dd,minecraft:zombie,true,Zombie,[null]
37.30000001192093,15.0,24.69999998807907,01265a2b-f9ae-4d7b-8612-ccdde9a0b407,minecraft:skeleton,true,Skeleton,[null]
4.5,-13.0,71.5,4c36c42d-c4a4-4828-ab62-c34b1b35a0b6,minecraft:zombie,true,Zombie,[null]
5.444834519704401,-16.0,79.81808794691001,bb6f6173-187f-484c-b4fc-be9b3d8171f1,minecraft:zombie,true,Zombie,[null]
1.507845109979725,-14.0,69.91065808652672,99d4795f-8b2b-4124-b559-079ce91b9841,minecraft:skeleton,true,Skeleton,[null]
42.5,29.0,32.5,3fc753d8-1fcd-418d-bb95-f50a6528fcb2,minecraft:skeleton,true,Skeleton,[null]
41.5,2.0,119.5,931fff24-e71d-4c75-8f8f-8e8277354830,minecraft:skeleton,true,Skeleton,[null]
30.5,-7.0,81.5,d2c17b4b-bb89-4e16-99a7-b1f2c021fb8c,minecraft:zombie,true,Zombie,[null]
90.48573332329647,18.0,20.438221612962817,75e7e7c4-2f63-4410-8902-d79349d0e33a,minecraft:skeleton,true,Skeleton,[null]
67.5,4.0,147.5,63dafefb-ebcb-4667-9e75-14e815ea6ffd,minecraft:skeleton,true,Skeleton,[null]
9.5,-25.0,85.5,9e4abb86-ac33-4741-8145-e8a5c2036358,minecraft:zombie,true,Zombie,[null]
-14.497229358706884,-24.0,30.048680959835416,a3efffd2-2dbe-4f1b-baaf-f155e923b1f2,minecraft:zombie_villager,true,Zombie Villager,[null]
-8.5,35.0,21.5,a8b59846-83a2-471d-9e79-04eaa635d450,minecraft:drowned,true,Drowned,[null]
51.5,-9.0,66.5,eee175f3-0034-49ec-a2d1-a2a34c8b72ef,minecraft:spider,true,Spider,[null]
54.30000001192093,-7.899999976158142,64.69999998807907,66576898-b42f-4164-ab2e-114e3a3bf77f,minecraft:spider,true,Spider,[null]
45.7827678779947,-11.0,71.94930008225143,153ba20d-0be7-4013-966e-92de0d0b22e4,minecraft:spider,true,Spider,[null]
94.52281201021584,59.0,116.55254758457495,ef9c6233-1f0f-415d-a907-c65e6a4ce08b,minecraft:salmon,true,Salmon,[null]
95.65000000596046,59.0,115.58496429136123,9e9fa868-f29d-458b-b4a4-222eec7ae53b,minecraft:salmon,true,Salmon,[null]
94.40521368732311,59.0,115.36038863207234,f1fb3a96-90ff-43d4-af7a-a06b5dcff055,minecraft:salmon,true,Salmon,[null]
-18.5,-13.0,71.5,4d1768ec-239d-48af-8d60-e0d8b71dec19,minecraft:spider,true,Spider,[null]
3.5,-39.0,94.5,0917b472-79df-4ec5-a383-b0eeeaf75c7d,minecraft:zombie,true,Zombie,[null]
85.50562481332787,-32.0,20.595394414566137,98a30aa1-0ef5-435a-ad0a-529b6fe43a4d,minecraft:skeleton,true,Skeleton,[null]
-20.134175871964544,53.0,24.599999994039536,f914da37-72c1-4b05-8a92-8184026bf768,minecraft:squid,true,Squid,[null]
-18.431564464035255,54.23402789863758,23.874540900983654,80a0e827-e75b-4b09-93d6-2a29c01a95cb,minecraft:squid,true,Squid,[null]
9.5,30.0,27.5,cbeb7b81-a02d-4873-9d9b-5d220d4e803a,minecraft:skeleton,true,Skeleton,[null]
110.69522204087278,61.53310779538193,63.998750350791966,ffea493a-f6f2-43de-b484-285b9678738f,minecraft:salmon,true,Salmon,[null]
109.59166426675728,61.06930735645031,64.5016122159585,18e94f4f-1226-42b3-abf0-fe41e0a25072,minecraft:salmon,true,Salmon,[null]
-15.462697192881684,-20.0,44.46841513871863,a59ec4e8-fed0-4308-bb4d-2c8e5c43872c,minecraft:skeleton,true,Skeleton,[null]
-18.83245110402685,-21.0,42.485313686069645,f8497567-941f-4bbd-a2b5-87fc0072ded0,minecraft:skeleton,true,Skeleton,[null]
-18.502959430179427,-20.0,45.50609680631499,61f6f6cf-2495-456a-9495-fa09b96de9a6,minecraft:skeleton,true,Skeleton,[null]
-14.440079961722237,-19.0,49.55837412564358,4ebb5c0f-ec92-49f6-8f25-21dd30deb799,minecraft:skeleton,true,Skeleton,[null]
103.34999999403954,54.18740482944893,67.85258031189495,46eb6af1-035d-4dc3-8a83-e818499a510a,minecraft:salmon,true,Salmon,[null]
35.410175740179625,-36.0,38.792981899534354,ff5f1fb0-fb4d-4033-b278-db3c703a261b,minecraft:bat,true,Bat,[null]
50.25551603346482,-34.70465703840811,48.481802485906044,544d426c-0af6-4bf9-9f3a-f94c363ac90f,minecraft:bat,true,Bat,[null]
48.67103731546298,-36.67156142520744,44.53889955638209,6ae525ba-6425-4070-9aee-9a1c1668e3ec,minecraft:bat,true,Bat,[null]
-3.4838290039734714,61.42893720941962,39.07157815600721,4995c0a1-3f6c-4dd9-9071-9b11dc241020,minecraft:salmon,true,Salmon,[null]
-3.4371615951606045,61.48264610108622,40.54462076115548,94292c87-a958-4b66-9358-9955a1b330be,minecraft:salmon,true,Salmon,[null]
-3.2524677614354105,59.40043196089883,39.612162765321166,11fddfe7-a41d-435f-9374-2c63f6da0628,minecraft:salmon,true,Salmon,[null]
106.66767455808848,56.0,86.97020547405026,5a5efec2-6e2c-4bb6-97a7-a4c1739a8bd5,minecraft:salmon,true,Salmon,[null]
105.56018360967825,56.0,87.58155983744786,e81f246e-e370-4333-a79d-faa90a7e5259,minecraft:salmon,true,Salmon,[null]
5.877836532534105,22.0,91.50000497029008,0752eef6-b815-462e-bda2-8a8c7e311e44,minecraft:zombie,true,Zombie,[null]
118.49644795567895,-7.0,58.51615153622,d5dbb674-7763-4c68-9df0-316abfd6f48f,minecraft:creeper,true,Creeper,[null]
103.5,-3.0,139.5,2dca917d-1c9f-4d2e-8111-3dfd54fa2c23,minecraft:zombie,true,Zombie,[null]
47.34137328363829,4.227280333877161,0.6843684959863905,6870acdd-0967-4618-969e-60ffa4d84d99,minecraft:creeper,true,Creeper,[null]
4.505157581245941,-36.0,91.03572678443918,04d1d0c3-2662-4d64-bfc1-913a526d5403,minecraft:zombie,true,Zombie,[null]
87.96223554407453,21.01526585022118,164.6764488585442,133a9331-a538-4a79-8e53-41e27a38803e,minecraft:bat,true,Bat,[null]
1.5,-7.0,32.5,fe3db1d1-3f6f-4dbd-8f35-3d9cb8814d85,minecraft:zombie,true,Zombie,[null]
5.5,-7.0,36.5,2fd7b675-0598-4593-aec3-5c14ce45516b,minecraft:zombie,true,Zombie,[null]
10.505737361954784,1.0,36.516657530561965,5770f820-dd5e-4b2c-87f9-f1a28976d79f,minecraft:zombie,true,Zombie,[null]
120.5,-6.0,81.5,b95cc446-71b4-4564-9ecd-f31ae77a056d,minecraft:skeleton,true,Skeleton,[null]
119.5,-6.0,75.5,5088fcf1-16e6-4ed0-ad4e-85d340909e49,minecraft:skeleton,true,Skeleton,[null]
16.5,2.0,54.5,b64cb800-ba96-4a8b-a27c-ac2b98cac311,minecraft:zombie,true,Zombie,[null]
61.5,2.0,56.5,8ef83acc-d262-4e85-968f-0d434dd7896d,minecraft:skeleton,true,Skeleton,[null]
63.5,9.0,80.5,b0632b65-73c4-486a-98f4-42250ea20d54,minecraft:creeper,true,Creeper,[null]
-41.86780826954275,-6.0,72.0521122897908,eb0a7e7e-ecf8-4e40-bece-7e835d64fc21,minecraft:creeper,true,Creeper,[null]
-45.964190295732436,-5.0,72.54901591128723,66d3fbe9-5b68-4f94-9738-a9986d0e146e,minecraft:zombie,true,Zombie,[null]
-36.5,-7.0,71.5,46adeea4-0ff1-4372-aed4-becda681fe3f,minecraft:zombie,true,Zombie,[null]
106.34227725244304,55.981379247142996,87.85072247398988,e1f67207-0d93-4d0a-8a52-cc55de1eca7c,minecraft:salmon,true,Salmon,[null]
130.9680863020207,20.05038362097442,134.01543805800213,48350958-0785-41a8-a250-e4d8e56af4f9,minecraft:bat,true,Bat,[null]
103.4330353604869,54.50888939308481,66.99164320826209,5ac342fb-8678-45ed-9c19-1254aa5b0b0d,minecraft:salmon,true,Salmon,[null]
104.07287194466367,53.99940040919911,67.34999999403954,609ab4fe-ff84-4297-9b3e-731afa72b49d,minecraft:salmon,true,Salmon,[null]
110.67704829197356,22.662872635490647,27.592259310467192,dd72b49b-235c-44f3-88d1-c0a47a29b1ca,minecraft:bat,true,Bat,[null]
122.47006333894893,21.100000023841858,38.90382244320957,90c83fc3-4d85-42a1-ba7f-83bc81464a0c,minecraft:bat,true,Bat,[null]
112.12360900764426,22.441669343369334,25.25,a84426d9-8547-412a-8ff8-6d86ecf5c71d,minecraft:bat,true,Bat,[null]
118.9163504717642,24.0197412889185,27.33993340711585,c77616bb-a999-48a5-8f76-c40918c77b05,minecraft:bat,true,Bat,[null]
56.5,-9.0,22.5,42eb7777-bc4c-422c-8513-cad17e0e2e89,minecraft:skeleton,true,Skeleton,[null]
53.47833874193058,-7.0,15.047156061574363,688b83e6-0b45-49a8-a63d-272057d6f68b,minecraft:skeleton,true,Skeleton,[null]
9.5,-6.0,73.5,bc0e1f71-d0a6-4eb5-9350-c565b0ad0fe8,minecraft:creeper,true,Creeper,[null]
29.5,-6.0,111.53822791361304,4ac68c93-98c6-428b-8202-6cb31bbfe495,minecraft:skeleton,true,Skeleton,[null]
25.5,-7.0,105.5,dfa64456-e5ec-48dd-a92d-6fe847d2321b,minecraft:creeper,true,Creeper,[null]
68.5,-23.0,156.5,fa78d928-88ac-4615-bdb8-94c3d7d19090,minecraft:zombie,true,Zombie,[null]
69.5,-23.0,155.5,3c8c4cf0-0ebc-4f47-b79b-547847a606f8,minecraft:creeper,true,Creeper,[null]
106.5,11.0,167.5,6819ccef-049a-4cf1-8122-8156ea8054a2,minecraft:zombie,true,Zombie,[null]
45.368136420845985,-2.0,149.45278999954462,bc2bf286-e963-4dd9-9214-05376afc5a81,minecraft:glow_squid,true,Glow Squid,[null]
70.16641214001113,5.176759275064237,54.284013310302385,417b6fd5-c173-42f9-9308-6c11d2aaf481,minecraft:creeper,true,Creeper,[null]
-18.5,-18.0,59.5,d228bc01-f6d3-48c7-a815-8cf8f1dc9be7,minecraft:creeper,true,Creeper,[null]
-16.5,-18.0,59.5,976a00ea-cb27-4b86-8cee-98ae949fbb19,minecraft:creeper,true,Creeper,[null]
-16.5,-18.0,61.5,55516671-8235-4d32-8409-4c14cae6a6b2,minecraft:creeper,true,Creeper,[null]
103.49237098637968,56.0,128.40000000596046,7bb5d899-c5dc-4cd5-90c6-3ab7f8a975e3,minecraft:squid,true,Squid,[null]
103.59999999403954,56.6917855204083,132.42219239845872,571f32a7-b638-425e-b69c-3608e738dde3,minecraft:squid,true,Squid,[null]
88.87431783881038,57.118866231292486,141.52615224104375,1cf20cfd-d0e2-449f-9b83-e803a3253c4a,minecraft:squid,true,Squid,[null]
-16.209177221691757,-23.0,24.211792861900097,1f6009b7-bbea-496d-bf81-4fa80802ae97,minecraft:zombie,true,Zombie,[null]
-17.5,-23.0,20.5,3ce696cf-8739-4b62-b189-89e515635fd0,minecraft:skeleton,true,Skeleton,[null]
-15.366493252665741,-22.580000013113022,15.441396583944412,01d92a0a-9591-466a-8ebc-533f84ac15a9,minecraft:skeleton,true,Skeleton,[null]
12.499936098527986,59.97042173175384,33.95235729913154,d76272fa-64b5-417d-b50e-ba01c9869434,minecraft:salmon,true,Salmon,[null]
11.106623309670152,59.95120847326683,35.21079537248661,db3b741c-454f-4259-8b35-ced199ce4a6c,minecraft:salmon,true,Salmon,[null]
7.543027168722362,59.96792880288158,37.298970367917676,8f078e96-efd9-4a03-aabf-a99ff107c184,minecraft:salmon,true,Salmon,[null]
95.5,4.0,88.5,b52674f2-251b-486f-94e5-5d35a151d09c,minecraft:glow_squid,true,Glow Squid,[null]
97.5,4.0,90.5,bf639601-055b-40c9-9635-3c320eab2109,minecraft:glow_squid,true,Glow Squid,[null]
94.5,4.0,92.5,f42b1ec5-145f-46cd-a8c8-a0e1e2f46df1,minecraft:glow_squid,true,Glow Squid,[null]
93.5,4.0,87.5,39e8890e-25a6-42f5-bbc5-c01dc00a19f3,minecraft:glow_squid,true,Glow Squid,[null]
