x,y,z,visibility,load_status,entity_count
-9,3,14,TRACKED,LOADED,2
-5,4,9,TICKING,LOADED,1
5,1,1,TICKING,LOADED,1
5,-2,1,TICKING,LOADED,1
7,4,-3,TICKING,LOADED,1
6,4,-4,TICKING,LOADED,1
-2,-2,3,TICKING,LOADED,3
4,0,3,TICKING,LOADED,1
2,3,4,TICKING,LOADED,1
2,4,4,TICKING,LOADED,2
2,-1,4,TICKING,LOADED,1
6,0,10,TICKING,LOADED,1
8,4,-5,TRACKED,LOADED,1
-10,-2,16,TRACKED,LOADED,1
-6,-1,-1,TICKING,LOADED,2
1,4,5,TICKING,LOADED,1
1,-3,5,TICKING,LOADED,1
1,-1,5,TICKING,LOADED,2
0,4,11,TICKING,LOADED,1
-1,-1,4,TICKING,LOADED,2
1,4,14,TICKING,LOADED,1
-3,4,2,TICKING,LOADED,1
-3,-2,2,TICKING,LOADED,1
8,1,6,TICKING,LOADED,1
2,0,7,TICKING,LOADED,2
2,4,7,TICKING,LOADED,2
6,0,5,TICKING,LOADED,1
6,3,5,TICKING,LOADED,3
6,-1,5,TICKING,LOADED,1
-5,4,14,TICKING,LOADED,1
7,1,2,TICKING,LOADED,1
0,0,2,TICKING,LOADED,1
0,3,2,TICKING,LOADED,3
0,-1,2,TICKING,LOADED,2
7,0,7,TICKING,LOADED,1
1,0,3,TICKING,LOADED,1
3,0,4,TICKING,LOADED,1
3,4,4,TICKING,LOADED,1
3,-1,4,TICKING,LOADED,2
2,4,10,TICKING,LOADED,1
3,4,-1,TICKING,LOADED,1
7,-1,3,TICKING,LOADED,1
2,4,14,TICKING,LOADED,3
8,3,11,TICKING,LOADED,4
-7,-3,16,TRACKED,LOADED,1
4,0,9,TICKING,LOADED,1
4,-2,9,TICKING,LOADED,2
2,0,0,TICKING,LOADED,1
-4,4,9,TICKING,LOADED,2
1,4,6,TICKING,LOADED,2
1,-2,6,TICKING,LOADED,1
1,-1,6,TICKING,LOADED,2
11,3,11,TRACKED,LOADED,9
5,0,5,TICKING,LOADED,3
2,4,9,TICKING,LOADED,3
2,-1,9,TICKING,LOADED,1
0,4,7,TICKING,LOADED,4
5,4,0,TICKING,LOADED,2
9,-1,6,TICKING,LOADED,1
5,1,10,TICKING,LOADED,1
3,4,10,TICKING,LOADED,1
3,4,2,TICKING,LOADED,1
3,-3,2,TICKING,LOADED,1
-4,4,1,TICKING,LOADED,1
8,1,8,TICKING,LOADED,1
2,4,5,TICKING,LOADED,1
2,-1,5,TICKING,LOADED,2
-7,-3,15,TRACKED,LOADED,1
4,-1,6,TICKING,LOADED,1
0,5,12,TICKING,LOADED,1
2,0,1,TICKING,LOADED,1
0,0,4,TICKING,LOADED,1
0,-1,4,TICKING,LOADED,5
-1,3,2,TICKING,LOADED,4
-1,-2,2,TICKING,LOADED,1
-1,-1,2,TICKING,LOADED,1
6,3,3,TICKING,LOADED,1
-2,-3,12,TICKING,LOADED,1
-1,2,1,TICKING,LOADED,1
-1,-2,1,TICKING,LOADED,1
7,1,1,TICKING,LOADED,2
-7,-3,-2,TICKING,LOADED,2
1,0,2,TICKING,LOADED,1
3,0,5,TICKING,LOADED,1
-3,4,-6,TRACKED,LOADED,4
-6,4,16,TRACKED,LOADED,3
-5,4,5,TICKING,LOADED,3
3,1,0,TICKING,LOADED,2
3,-1,0,TICKING,LOADED,1
-5,4,13,TICKING,LOADED,3
2,1,8,TICKING,LOADED,1
2,4,6,TICKING,LOADED,1
8,1,7,TICKING,LOADED,1
6,3,8,TICKING,LOADED,2
6,-1,8,TICKING,LOADED,1
0,1,1,TICKING,LOADED,1
5,4,-1,TICKING,LOADED,1
11,4,15,TRACKED,LOADED,4
11,3,10,TRACKED,LOADED,1
9,1,0,TICKING,LOADED,2
1,4,7,TICKING,LOADED,1
7,-1,4,TICKING,LOADED,1
3,1,1,TICKING,LOADED,1
3,-1,1,TICKING,LOADED,1
-1,-3,16,TRACKED,LOADED,1
-2,-1,4,TICKING,LOADED,1
3,4,9,TICKING,LOADED,1
-5,4,10,TICKING,LOADED,1
-3,3,3,TICKING,LOADED,2
-3,4,3,TICKING,LOADED,2
-5,-3,15,TRACKED,LOADED,1
2,4,12,TICKING,LOADED,2
6,1,1,TICKING,LOADED,1
-6,-1,-2,TICKING,LOADED,4
-1,-2,3,TICKING,LOADED,1
5,3,8,TICKING,LOADED,1
11,4,7,TRACKED,LOADED,2
1,4,4,TICKING,LOADED,1
5,3,7,TICKING,LOADED,3
-2,2,1,TICKING,LOADED,1
-2,3,1,TICKING,LOADED,2
-2,-2,1,TICKING,LOADED,2
-4,4,2,TICKING,LOADED,1
2,1,2,TICKING,LOADED,1
2,-3,2,TICKING,LOADED,1
8,1,1,TICKING,LOADED,1
0,1,5,TICKING,LOADED,1
0,-3,5,TICKING,LOADED,2
0,-2,5,TICKING,LOADED,1
-5,4,6,TICKING,LOADED,1
6,3,4,TICKING,LOADED,6
7,-1,5,TICKING,LOADED,1
-1,-2,0,TICKING,LOADED,1
-3,-1,4,TICKING,LOADED,3
-4,-3,13,TICKING,LOADED,1
3,0,3,TICKING,LOADED,1
3,-3,3,TICKING,LOADED,1
-9,4,-3,TRACKED,LOADED,3
-4,4,5,TICKING,LOADED,3
-2,-2,2,TICKING,LOADED,2
4,4,2,TICKING,LOADED,1
